,pre1 Try,pre2 Tries,pre3 Tries,pre4 Tries,pre5 Tries,pre6 Tries,preAbove 6 Tries
0,0.0052815303,0.099851064,0.2903058,0.3254833,0.19177912,0.08157686,0.014976811
1,0.009089099,0.102795325,0.28274292,0.3196458,0.19086556,0.09375995,0.027972708
2,0.0054845875,0.09594234,0.26157543,0.30984908,0.19584,0.11959735,0.0510181
3,0.0071598236,0.07350596,0.2449258,0.32573706,0.22386,0.10914076,0.031068852
4,0.0046215486,0.07721126,0.24045886,0.32421446,0.22035769,0.11391207,0.02929215
5,0.0054337056,0.08365812,0.26670215,0.33299607,0.20350483,0.093404084,0.022489998
6,0.010510416,0.090815395,0.2813214,0.3312697,0.19325112,0.09568859,0.045586776
7,0.011729008,0.09360753,0.24858072,0.31467128,0.20660141,0.11436904,0.04650074
